<?xml version="1.0" encoding="UTF-8"?>
<jboss-deployment-structure xmlns="urn:jboss:deployment-structure:1.0">
   <deployment>
       <dependencies>
           <module name="org.jboss.ironjacamar.jdbcadapters" />
       </dependencies>
       <!--
       <exclusions>
           <module name="org.apache.commons.logging"/>
           <module name="org.apache.log4j"/>
           <module name="org.jboss.logging"/>
           <module name="org.jboss.logmanager"/>
           <module name="org.jboss.logmanager.log4j"/>
           <module name="org.slf4j"/>
       </exclusions>
       -->
   </deployment>
</jboss-deployment-structure>