<?xml version="1.0" encoding="UTF-8"?>
<beans xmlns="http://www.springframework.org/schema/beans"
	xmlns:xsi="http://www.w3.org/2001/XMLSchema-instance"
	xsi:schemaLocation="http://www.springframework.org/schema/beans http://www.springframework.org/schema/beans/spring-beans-3.2.xsd">

	<!-- SqlSession -->

	<bean id="sqlSessionFactoryDummy1" class="org.mybatis.spring.SqlSessionFactoryBean">
		<property name="configLocation" value="classpath:/config/sql/sqlSession-config.xml" />
		<property name="dataSource" ref="dummyDS1" />
	</bean>

	<bean id="sqlSessionTemplateDummy1" class="org.mybatis.spring.SqlSessionTemplate">
		<constructor-arg ref="sqlSessionFactoryDummy1" />
	</bean>

	
	<bean id="sqlSessionFactoryDummy2" class="org.mybatis.spring.SqlSessionFactoryBean">
		<property name="configLocation" value="classpath:/config/sql/sqlSession-config.xml" />
		<property name="dataSource" ref="dummyDS2" />
	</bean>

	<bean id="sqlSessionTemplateDummy2" class="org.mybatis.spring.SqlSessionTemplate">
		<constructor-arg ref="sqlSessionFactoryDummy2" />
	</bean>

</beans>	
