<?xml version="1.0" encoding="UTF-8"?>
<beans xmlns="http://www.springframework.org/schema/beans"
	xmlns:xsi="http://www.w3.org/2001/XMLSchema-instance" xmlns:aop="http://www.springframework.org/schema/aop"
	xmlns:tx="http://www.springframework.org/schema/tx"
	xsi:schemaLocation="http://www.springframework.org/schema/beans http://www.springframework.org/schema/beans/spring-beans-3.2.xsd
				http://www.springframework.org/schema/tx http://www.springframework.org/schema/tx/spring-tx-3.2.xsd
				http://www.springframework.org/schema/aop http://www.springframework.org/schema/aop/spring-aop-3.2.xsd">

	<!-- transaction Manager -->
	<bean id="transactionManager1"
		class="org.springframework.jdbc.datasource.DataSourceTransactionManager">
		<property name="dataSource" ref="dummyDS1" />
	</bean>

	<!-- tx advice -->
	<tx:advice id="txAdvice1" transaction-manager="transactionManager1">
		<tx:attributes>
			<tx:method name="*" rollback-for="Throwable" />
		</tx:attributes>
	</tx:advice>
	<!-- point cut -->
	<aop:config>
		<aop:pointcut id="transactionPointcut1"
			expression="execution(* com.example.service.DummyService.*(..))" />
		<aop:advisor advice-ref="txAdvice1" pointcut-ref="transactionPointcut1" />
	</aop:config>

	<!-- beans -->
	<bean id="dummyDAO1" class="com.example.dao.DummyDAO1">
		<property name="sqlSessionFactory" ref="sqlSessionFactoryDummy1" />
		<property name="sqlSessionTemplate" ref="sqlSessionTemplateDummy1" />
	</bean>

	<bean id="dummyService" class="com.example.service.impl.DummyServiceImpl">
		<property name="dummyDAO1" ref="dummyDAO1" />
	</bean>


	<!-- transaction Manager2 -->
	<bean id="transactionManager2"
		class="org.springframework.jdbc.datasource.DataSourceTransactionManager">
		<property name="dataSource" ref="dummyDS2" />
	</bean>

	<!-- tx advice2 -->
	<tx:advice id="txAdvice2" transaction-manager="transactionManager2">
		<tx:attributes>
			<tx:method name="*" rollback-for="Throwable" />
		</tx:attributes>
	</tx:advice>

	<!-- point cut2 -->
	<aop:config>
		<aop:pointcut id="transactionPointcut2"
			expression="execution(* com.example.service.DummyService2.*(..))" />
		<aop:advisor advice-ref="txAdvice2" pointcut-ref="transactionPointcut2" />
	</aop:config>



	<!-- beans 2 -->
	<bean id="dummyDAO2" class="com.example.dao.DummyDAO2">
		<property name="sqlSessionFactory" ref="sqlSessionFactoryDummy2" />
		<property name="sqlSessionTemplate" ref="sqlSessionTemplateDummy2" />
	</bean>

	<bean id="dummyService2" class="com.example.service.impl.DummyService2Impl">
		<property name="dummyDAO2" ref="dummyDAO2" />
	</bean>


</beans>