<?xml version="1.0" encoding="UTF-8"?>
<beans xmlns="http://www.springframework.org/schema/beans"
	xmlns:xsi="http://www.w3.org/2001/XMLSchema-instance"
	xsi:schemaLocation="http://www.springframework.org/schema/beans http://www.springframework.org/schema/beans/spring-beans-3.2.xsd">
 
    <bean id="dummyDS1" class="org.springframework.jndi.JndiObjectFactoryBean">
        <property name="jndiName" value="java:jboss/localDS" />
        <property name="resourceRef" value="true" />
    </bean>

    <bean id="dummyDS2" class="org.springframework.jndi.JndiObjectFactoryBean">
        <property name="jndiName" value="java:jboss/localDS2" />
        <property name="resourceRef" value="true" />
    </bean>
	
</beans>