<?xml version="1.0" encoding="UTF-8"?>
<!DOCTYPE log4j:configuration SYSTEM "log4j.dtd">
<!-- Created by ADHUB 표준화팀 -->

<log4j:configuration xmlns:log4j="http://jakarta.apache.org/log4j/">

	<!-- Appenders -->
	<appender name="console" class="org.apache.log4j.ConsoleAppender">
		<param name="Target" value="System.out" />
		<layout class="org.apache.log4j.PatternLayout">
			<param name="ConversionPattern" value="%d [%-5p] %c - %m%n" />
		</layout>
	</appender>
	
	<appender name="R" class="org.apache.log4j.RollingFileAppender">
		<param name="File" value="/Jhouse/Source/workspace/workspace_spring/spring-ibatis/logs/rolling.log"/>
		<param name="Append" value="true"/>
		<param name="MaxFileSize" value="100KB"/>
		<layout class="org.apache.log4j.PatternLayout">
			<param name="ConversionPattern" value="%d [%-5p] %c - %m%n" />
		</layout>
	</appender>
	
	<appender name="D" class="org.apache.log4j.DailyRollingFileAppender">
		<param name="File" value="/Jhouse/Source/workspace/workspace_spring/spring-ibatis/logs/log"/>
		<param name="Append" value="true"/>
		<param name="DatePattern" value="'.'yyyy-MM-dd-HH-mm"/>
		<layout class="org.apache.log4j.PatternLayout">
			<param name="ConversionPattern" value="%d [%-5p] %c - %m%n" />
		</layout>
	</appender>
<!-- 
	<logger name="org">
		<level value="INFO" />
	</logger> -->

	<!-- Root Logger -->
	<root>
		<level value="DEBUG" />
		<appender-ref ref="console" />
		<appender-ref ref="R" />
		<appender-ref ref="D" />
	</root>

</log4j:configuration>
